panel_name,loan_amount,total_loan
JPMORGAN CHASE BK NA,4940599,94932364
WELLS FARGO BK NA,4724007,94932364
LOANDEPOT.COM,4108431,94932364
BANK OF AMER NA,3015975,94932364
UNION YES FCU,2661865,94932364
GUARANTEED RATE INC.,2566986,94932364
"QUICKEN LOANS, INC.",2216727,94932364
FIRST REPUBLIC BK,2024226,94932364
RESIDENTIAL MORTGAGE SERVICES,1667789,94932364
SANTANDER BK NA,1555382,94932364
U S BK NA,1404356,94932364
ROCKLAND TC,1358574,94932364
FAIRWAY INDP MORTGAGE CORP,1242321,94932364
"PROSPECT MORTGAGE, LLC",1221931,94932364
CITIZENS BK NA,1216393,94932364
BANK OF CANTON,1207077,94932364
NEEDHAM BK,1165864,94932364
EASTERN BK,1153550,94932364
CITIBANK NA,1145297,94932364
DITECH FINANCIAL LLC,1058039,94932364
"SALEM FIVE MORTGAGE CO., LLC",967434,94932364
BOSTON PRIVATE B&TC,887940,94932364
"MORTGAGE NETWORK, INC",842226,94932364
FREEDOM MORTGAGE CORPORATION,831239,94932364
HINGHAM INST FOR SVG,801599,94932364
RADIUS FINANCIAL GROUP INC.,760942,94932364
BRANCH BKG&TC,742900,94932364
"EMBRACE HOME LOANS, INC.",687103,94932364
PEOPLES UNITED BK,682712,94932364
BERKSHIRE BK,682594,94932364
"MORTGAGE MASTER, INC.",672783,94932364
EAST BOSTON SVG BK,654571,94932364
WEBSTER BK NA,649215,94932364
BLUE HILLS BK,638429,94932364
NATIONSTAR MORTGAGE LLC,625889,94932364
"STEARNS LENDING, INC.",622789,94932364
MSA MORTGAGE LLC,590347,94932364
WASHINGTON TR MTG CO LLC,588649,94932364
HARBORONE BK,568740,94932364
PENNYMAC LOAN SERVICES LLC,558581,94932364
DEDHAM INST FOR SVG,528571,94932364
DIGITAL FCU,505572,94932364
UNITED SHORE FINANCIAL SERVICE,504688,94932364
"CITIZENS BK, NA",484622,94932364
SAGE BK,474058,94932364
CAPITAL ONE NA,474012,94932364
METRO CU,472044,94932364
RANDOLPH SVG BK,468473,94932364
EVERBANK,464938,94932364
COMMERCE B&TC,458272,94932364
PNC BK NA,458248,94932364
T D BK NA,437996,94932364
EAST BOSTON SAVINGS BANK,437405,94932364
ROCKLAND FCU,425742,94932364
PEOPLES UNITED BK NA,420814,94932364
MERRIMACK MORTGAGE COMPANY,415474,94932364
"CITIMORTGAGE, INC.",411164,94932364
PRIMELENDING A PLAINSCAPITAL C,407705,94932364
BELMONT SVG BK,406841,94932364
AMERIHOME MORTGAGE CORPORATION,401668,94932364
"OCWEN LOAN SERVICING, LLC",374092,94932364
PACIFIC UNION FINANCIAL LLC,362843,94932364
BROOKLINE BK,360578,94932364
"WALKER & DUNLOP, LLC",354456,94932364
NE MOVES MORTGAGE,352389,94932364
MORGAN STANLEY PRIV BK NA,349581,94932364
"POLI MORTGAGE GROUP, INC",342158,94932364
WELLESLEY BK,338651,94932364
"WILLIAM RAVEIS MORTGAGE, LLC",334561,94932364
"FBC MORTGAGE, LLC",331008,94932364
FRANKLIN AMERICAN MORTGAGE CO,328540,94932364
CAMBRIDGE SVG BK,317218,94932364
FIRST HOME MORTGAGE CORPORATIO,304308,94932364
PHH MORTGAGE CO,302474,94932364
"COMMONWEALTH MORTGAGE, LLC",293171,94932364
MIDDLESEX SVG BK,291864,94932364
USAA FSB,286837,94932364
CAMBRIDGE TC,282750,94932364
MEETINGHOUSE BK,276328,94932364
BRIDGEWATER SVG BK,274282,94932364
DITECH MORTGAGE CORP,273263,94932364
FIRST FSB OF BOSTON,258066,94932364
NEW FED MORTGAGE CORP,257015,94932364
BNY MELLON NA,253953,94932364
MOUNTAINONE BK,251898,94932364
"MILEND, INC.",249879,94932364
INSTITUTION SVG IN NEWBURYPORT,245689,94932364
"CALIBER HOME LOANS, INC.",243635,94932364
SUNTRUST MTG,238609,94932364
NEW PENN FINANCIAL LLC,238073,94932364
"PLAZA HOME MORTGAGE, INC.",237170,94932364
"NEWDAY FINANCIAL, LLC",235549,94932364
"MORTGAGE FINANCIAL SERVICES,IN",234294,94932364
MANUFACTURERS & TRADERS TC,223285,94932364
NORWOOD CO-OP BK,222922,94932364
QUINCY CU,220545,94932364
SIERRA PACIFIC MORTGAGE,216149,94932364
KEYBANK NA,211951,94932364
FIRST NIAGARA BK NA,210284,94932364
EAST CAMBRIDGE SVG BK,208751,94932364
FLAGSTAR BK FSB,207015,94932364
WASHINGTON TC OF WESTERLY,205648,94932364
COOPERATIVE BK,199135,94932364
AMERISAVE MORTGAGE CORPORATION,197221,94932364
PHH HOME LOANS LLC,192826,94932364
BOKF NA,187639,94932364
CAPE COD FIVE CENTS SVG BK,186327,94932364
JEANNE D'ARC CU,185578,94932364
SHARON CU,185129,94932364
"PROVIDENT FUNDING ASSOCIATES,",183778,94932364
DIRECT FED CU,180754,94932364
HARVARD UNIV EMPL CU,178259,94932364
VILLAGE BK,177297,94932364
"MORTGAGE RESEARCH CENTER, LLC",170800,94932364
DISCOVER HOME LOANS,170694,94932364
WALPOLE CO-OP BK,170621,94932364
CAMBRIDGE MTG GRP,168663,94932364
CENTURY B&TC,162716,94932364
MUTUAL BK,159782,94932364
PATRIOT COMNTY BK,158942,94932364
HANSCOM FCU,156103,94932364
"ENVOY MORTGAGE, LTD",153430,94932364
GMH MORTGAGE SERVICES LLC,152835,94932364
"MEMBERS MORTGAGE COMPANY, INC.",149893,94932364
HOME POINT FINANCIAL CORP,144925,94932364
M&T RE TR,143175,94932364
VILLAGE MORTGAGE COMPANY,143152,94932364
CIT BK NA,142257,94932364
BRISTOL CTY SVG BK,142210,94932364
NAVY FCU,140741,94932364
UBS BK USA,139665,94932364
DEAN CO-OP BK,139102,94932364
"LAKEVIEW LOAN SERVICING, LLC",135896,94932364
PRIMARY RESIDENTIAL MORTGAGE,133045,94932364
PILGRIM BK,130712,94932364
MB FNCL BK NA,129726,94932364
CITY OF BOSTON CU,128640,94932364
CAMDEN NB,128547,94932364
PEOPLES BK,128261,94932364
REDWOOD RESIDENTIAL ACQ,127263,94932364
PENTAGON FCU,126874,94932364
CROSSCOUNTRY MORTGAGE INC.,125397,94932364
NORTHERN B&TC,125132,94932364
NEW YORK CMNTY BK,124492,94932364
CRESCENT CU,122971,94932364
SOUTH SHORE BK,122918,94932364
LIBERTY BAY CU,121172,94932364
GOLDMAN SACHS BK USA,116149,94932364
FINANCE OF AMERICA MORTGAGE,115344,94932364
FIRSTRUST SVG BK,115271,94932364
"LEADER MORTGAGE COMPANY, INC.",114537,94932364
BOSTON FRFTRS CU,114416,94932364
BARRINGTON B&TC NA,113447,94932364
PMAC LENDING SERVICES INC,113093,94932364
NATIONWIDE BK,110138,94932364
FIFTH THIRD MTG CO,109911,94932364
AMERICAN NEIGHBORHOOD MORTGAGE,109347,94932364
BRAINTREE CO-OP BK,109326,94932364
BERKELEY POINT CAPITAL,108784,94932364
MANSFIELD CO-OP BK,108620,94932364
"BROKER SOLUTIONS, INC",107686,94932364
AVIDIA BK,107628,94932364
WEBSTER FIVE CENTS SVG BK,107112,94932364
BRIDGEWATER CU,105693,94932364
"HOMEWARD RESIDENTIAL, INC",105205,94932364
MORTGAGE EQUITY PARTNERS,104463,94932364
THE MONEY SOURCE,101899,94932364
NORCOM MORTGAGE,100588,94932364
FIRST COMMONS BK NA,99323,94932364
UNITED BK,98773,94932364
AMERICAN FINANCIAL RESOURCES,94131,94932364
NYCB MORTGAGE COMPANY LLC,93240,94932364
WASHINGTON TC,87091,94932364
ARK-LA-TEX FINANCIAL SERVICES,87017,94932364
NORTH EASTON SVG BK,85721,94932364
SHAMROCK FINANCIAL CORP,83659,94932364
PULTE MORTGAGE LLC,83465,94932364
ABINGTON BK,82780,94932364
COLONIAL FSB,81536,94932364
ALLIANT CU,78358,94932364
FIRST GUARANTY MORTGAGE CORP,78271,94932364
MUTUALONE BK,77689,94932364
TBI MORTGAGE COMPANY,77688,94932364
COASTAL HERITAGE BK,75663,94932364
COMMONWEALTH CO-OP BK,75185,94932364
STIFEL B&T,74245,94932364
RADIUS BK,73381,94932364
WESTFIELD BK,73064,94932364
FIRST CITIZENS FCU,71132,94932364
BAYCOAST BK,69555,94932364
CHARLES SCHWAB BK,68358,94932364
HSBC BK USA NA,67901,94932364
TIAA-CREF TC FSB,66720,94932364
GLADEWATER NB,66319,94932364
HOME LOAN INV BK FSB,66050,94932364
EAST WEST BK,65550,94932364
FIRSTBANK,65228,94932364
BAY ST SVG BK,65148,94932364
UNIBANK FOR SVG,64909,94932364
GUILD MORTGAGE COMPANY,64766,94932364
ASTORIA FEDERAL MTG. CORP.,64697,94932364
EVERETT CO-OP BK,64273,94932364
COMMUNITY FSB,64245,94932364
FALL RIVER FIVE CENTS SVGS BK,63386,94932364
BANK OF ENGLAND,63139,94932364
MILFORD FS&LA,62142,94932364
RTN FCU,61932,94932364
"E MORTGAGE MANAGEMENT, LLC",60509,94932364
CHARLES RIVER BK,59583,94932364
COASTAL HERITAGE BANK,58192,94932364
AMERICAN INTERNET MORTGAGE,57977,94932364
NORTH AMER SVG BK FSB,57629,94932364
FARMINGTON BK,57368,94932364
COASTWAY CMNTY BK,57222,94932364
PEOPLES FSB,56913,94932364
FOXBORO FED SVGS,56805,94932364
M&T RLTY CAP CORP,56566,94932364
STONEHAMBK,56234,94932364
CITIZENS BK OF PA,55503,94932364
PEOPLESBANK,55318,94932364
MASS BAY CU,54890,94932364
NATIONS LENDING CORPORATION,53613,94932364
MEMBERS PLUS CU,52919,94932364
SILICON VALLEY BK,52663,94932364
MECHANICS CO-OP BK,51953,94932364
USALLIANCE FCU,51843,94932364
WINTER HILL BK,51348,94932364
NETWORK CAPITAL FUNDING GROUP,51244,94932364
GS COMMERCIAL REAL ESTATE LP,51000,94932364
ALLY BK,50241,94932364
FEDERAL SVGS BK,50103,94932364
MID-ISLAND MORTGAGE CORP.,49465,94932364
BANC OF CA NA,48330,94932364
SCITUATE FSB,48155,94932364
NORTHFIELD BK,47692,94932364
EVOLVE B&TC,47504,94932364
ALLIED MORTGAGE GROUP,46717,94932364
MIDDLESEX FED SVG FA,46660,94932364
"CMG MORTGAGE, INC.",46432,94932364
FIDELITY CO-OP BK,46347,94932364
MUTUAL FIRST FCU,46243,94932364
"NORTHEAST HOME LOAN, LLC",45839,94932364
EAGLE BK,45812,94932364
THIRD FS&LA,45700,94932364
WEYMOUTH BK,45491,94932364
"NORTHPOINT MORTGAGE, INC.",45171,94932364
CBC NB,44064,94932364
COUNTRY BK FOR SVG,43028,94932364
"LENDERLIVE NETWORK, INC.",42920,94932364
CLINTON SVG BK,42838,94932364
"ATLANTIC HOME LENDING, INC",42575,94932364
SOUTHBRIDGE SVG BK,42368,94932364
CIT BK,41200,94932364
COLE TAYLOR BK,41128,94932364
"NFC MORTGAGE COMPANY, LLC",40292,94932364
AVON CO-OP BK,39873,94932364
INLANTA MORTGAGE,39170,94932364
STOUGHTON CO-OP BK,38573,94932364
EQUITABLE BANK,38394,94932364
ENTERPRISE B&TC,37591,94932364
"DREW MORTGAGE ASSOCIATES, INC.",37357,94932364
MASSACHUSETTS INST TECH FC,37330,94932364
SALEM FIVE CENTS SVG BK,37142,94932364
"MOVEMENT MORTGAGE, LLC",36794,94932364
CANTON CO-OP BK,36740,94932364
CRESCENT MTG CO,36729,94932364
GEORGETOWN BK,36540,94932364
HUDSON CITY SVG BK FSB,36078,94932364
STONEGATE MORTGAGE LLC,35950,94932364
WINCHESTER CO-OP BK,35620,94932364
METROPOLITAN HOME MORTGAGE,34761,94932364
RIVER WKS CU,34294,94932364
HOMEBRIDGE FINANCIAL SERVICES,34274,94932364
ROUNDPOINT MORTGAGE COMPANY,34213,94932364
WAKEFIELD CO-OP BK,33298,94932364
CUSTOMERS BK,33094,94932364
SCOTTRADE BK,32659,94932364
PROVINCE MORTGAGE ASSOCIATES,32545,94932364
BAR HARBOR BK & TR CO,32298,94932364
BAXTER CU,32008,94932364
WRENTHAM CO-OP BK,31942,94932364
WINCHESTER SVG BK,31715,94932364
FIRST INTERNET BK IN,31455,94932364
ST ANNES CU OF FALL RIVER,31195,94932364
CATHAY BK,31032,94932364
LUXURY MORTGAGE CORP.,30610,94932364
INTEGRITY FIRST FINANCIAL GR,30418,94932364
MELROSE CO-OP BK,30378,94932364
"NFM, INC",30030,94932364
TREMONT CU,29806,94932364
MAVERICK FUNDING,29260,94932364
KINECTA FCU,29151,94932364
WEBSTER FIRST FCU,28468,94932364
READING CO-OP BK,27673,94932364
BEVERLY BK,27510,94932364
INTERCONTINENTAL CAPITAL GROUP,27486,94932364
NORTHERN TC,27139,94932364
CAPE COD CO-OP BK,26954,94932364
BOFI FED BK,26155,94932364
ROSS MORTGAGE COMPANY,25965,94932364
ONEWEST BK FSB,25889,94932364
DOLLAR BK FSB,25660,94932364
KS STATEBANK,25457,94932364
"TOTAL MORTGAGE SERVICES, LLC",24726,94932364
SUNTRUST BK,24626,94932364
NATIONWIDE ADVANTAGE MORTGAGE,24522,94932364
GREAT PLAINS NB,24461,94932364
CENTERLINE MORTGAGE CAPITAL IN,24454,94932364
NORTHPOINTE BK,24261,94932364
BANK OF EASTON,24191,94932364
"GUIDANCE RESIDENTIAL, LLC",24172,94932364
TEXAS CAP BK NA,24044,94932364
WATERTOWN SVG BK,23981,94932364
TIDEWATER MORT. SERVICES INC,23928,94932364
SPENCER SVG BK,23896,94932364
ALIGN CU,23702,94932364
GOLDWATER BK NA,23329,94932364
PARAMOUNT RESIDENTIAL MORTGAGE,23246,94932364
PROFICIO BK,23185,94932364
BANK OF ME,23160,94932364
LOWELL FIVE CENT SVG BK,22498,94932364
IFREEDOM DIRECT CORP,22458,94932364
FIRST IPSWICH BK,22268,94932364
ROCKVILLE BK,22031,94932364
MIDFIRST BK,22024,94932364
NORTHEAST BK,21937,94932364
"MONUMENT MORTGAGE COMPANY, INC",21542,94932364
ONEUNITED BK,21441,94932364
BARRONS MORTGAGE GROUP,21430,94932364
SCHAEFER MORTGAGE CORP.,21399,94932364
FIRST TRADE UNION BK,21109,94932364
PROVIDENT FUNDING GROUP INC,21055,94932364
"RESMAC, INC.",20919,94932364
PAWTUCKET CU,20857,94932364
SAVINGS BK,20404,94932364
FAMILY FED SVG,20383,94932364
FIRST CHOICE LOAN SERVICES INC,20242,94932364
FIRST AMERICAN MORTGAGE TRUST,19775,94932364
NORTH MIDDLESEX SVG BK,19295,94932364
NAVEO CU,19033,94932364
BEVERLY CO-OP BK,18563,94932364
NAVIGANT CU,18103,94932364
"PRIORITY FUNDING, LLC",18025,94932364
HOWARD BK,17188,94932364
DB PRIVATE WEALTH MORTGAGE,17075,94932364
FLORIDA CMNTY BK NA,16981,94932364
"1ST ALLIANCE LENDING, LLC",16940,94932364
COMPASS BK,16672,94932364
NORTHMARK BK,16606,94932364
COLORADO FSB,16605,94932364
REGENCY MORTGAGE CORP.,16490,94932364
JG WENTWORTH HOME LENDING LLC,16431,94932364
AMERICAN BK,16381,94932364
MORTGAGE LENDERS OF AMERICA,16362,94932364
FIRST PRIORITY CU,16224,94932364
FIRST WESTERN TR BK,16150,94932364
RAYMOND JAMES BK NA,16058,94932364
"FRANKLIN FIRST FINANCIAL, LTD",15862,94932364
INLAND B&TC,15700,94932364
SAINT MARYS CU,15593,94932364
VELOCITY COMMERCIAL CAPITAL,15537,94932364
BANKUNITED NA,15357,94932364
MLD MORTGAGE INC.,15308,94932364
HOMESTEAD FUNDING CORP,15231,94932364
WORKERS CU,15065,94932364
S-BK,14907,94932364
NORTH SHORE BK A CO-OP BK,14801,94932364
PARKSIDE LENDING LLC,14726,94932364
"WATERMARK CAPITAL, INC.",14404,94932364
NORTHEAST CMNTY BK,13668,94932364
ACADEMY MORTGAGE CORPORATION,13585,94932364
"NATIONS DIRECT MORTGAGE, LLC",13528,94932364
BANK RHODE ISLAND,13216,94932364
OCEANSIDE MORTGAGE COMPANY,13211,94932364
CONGRESSIONAL BK,13188,94932364
"SIRVA MORTGAGE, INC.",12861,94932364
NATIONAL BK OF KANSAS CITY,12718,94932364
IMPAC MORTGAGE CORP.,12593,94932364
NBKC BK,12495,94932364
"EQUITY LOANS, LLC",12434,94932364
CENTRAL ONE FED CU,12329,94932364
AMERICASH,12296,94932364
GATEWAY FUNDING DIV MTG SVCS,12275,94932364
BENCHMARK BK,12262,94932364
PREMIA MORTGAGE LLC,12241,94932364
"SEMPER HOME LOANS, INC.",12140,94932364
HOLBROOK CO-OP BK,12114,94932364
WESTSTAR MORTGAGE INC,12100,94932364
BANK OF CAPE COD,12008,94932364
CAPITOL FSB,11889,94932364
FIRSTKEY MORTGAGE,11859,94932364
MILFORD NB&TC,11555,94932364
FEARON FINANCIAL LLC,11533,94932364
BRIDGEVIEW BANK MTG COMP LLC,11291,94932364
LENOX FINANCIAL MORTGAGE CORP,11091,94932364
B2R FINANCE L.P.,11064,94932364
HUNTINGTON NB,10807,94932364
INDUSTRIAL CU,10760,94932364
"EMIGRANT MORTGAGE COMPANY, INC",10577,94932364
MARLBOROUGH SVG BK,10535,94932364
GUARANTY B&TC,10178,94932364
SEMPER HOME LOANS,9958,94932364
SOUTHERN MA CU,9919,94932364
ATLANTIC HOME LOANS INC.,9708,94932364
ADMIRALS BK,9615,94932364
MERRIMACK VALLEY FCU,9440,94932364
"NETWORK FUNDING, L.P.",9344,94932364
AMER AIRLINES FCU,9156,94932364
ATHOL SVG BK,8871,94932364
CAPITAL BANK NA,8753,94932364
COVENTRY CU,8629,94932364
PRIVATE BK OF BUCKHEAD,8545,94932364
"SUN WEST MORTGAGE COMPANY, INC",8443,94932364
WEICHERT FINANCIAL SERVICES,8412,94932364
CHELSEA GROTON BK,8379,94932364
MACKINAC SVG BK FSB,8317,94932364
TAUNTON FCU,8098,94932364
LAND HOME FINANCIAL SERVICES,8006,94932364
MERRIMACK CTY SVG BK,7972,94932364
"FARM CREDIT EAST, ACA",7963,94932364
PRESIDENTIAL BK FSB,7863,94932364
"KELLER MORTGAGE, LLC",7422,94932364
COMERICA BK,7268,94932364
SIMSBURY B&TC,7227,94932364
NEW ENGLAND REGIONAL MORTGAGE,7219,94932364
CHELSEA BK,7134,94932364
HABIB AMER BK,7131,94932364
COMMUNITY CU OF LYNN,7125,94932364
MARTHA'S VINEYARD SB,7054,94932364
SAVERS CO-OP BK,6948,94932364
BANKNEWPORT,6916,94932364
PERL MORTGAGE,6911,94932364
DIME BK,6870,94932364
CONTOUR MORTGAGE CORPORATION,6813,94932364
VANGUARD FUNDING LLC,6796,94932364
AMERICAN EQUITY MORTGAGE,6794,94932364
BANKGLOUCESTER,6601,94932364
ENERGY CU,6554,94932364
ASTORIA BK,6431,94932364
NEWBURYPORT FIVE CNT SVG BK,6288,94932364
FIRST FED BK FSB,6278,94932364
CERTUSBANK NA,6225,94932364
LAKE SUNAPEE BK FSB,6109,94932364
CITY NB,6092,94932364
GUARANTY BK,6036,94932364
INDUSTRIAL & CMRL BK,5962,94932364
LIBERTY HOME EQUITY SOLUTIONS,5854,94932364
ALLIED FIRST BK SB,5839,94932364
CENTREVILLE BANK,5659,94932364
WATERSTONE MORTGAGE CORP.,5514,94932364
DRAPER AND KRAMER MORTGAGE COR,5378,94932364
NEXBANK SSB,5224,94932364
MONSON SVG BK,5219,94932364
COLONIAL SVG FA,5206,94932364
NEW ENGLAND FCU,5050,94932364
CENTREVILLE SVG BK,5025,94932364
SERVICE CU,4966,94932364
"OCMBC, INC",4938,94932364
"HOMESTAR MORTGAGE, INC.",4852,94932364
FIRST NB AMER,4842,94932364
UBS AG TAMPA BR,4806,94932364
EMIGRANT FUNDING CORP,4797,94932364
TOYOTA FNCL SVG BK,4708,94932364
DISCOVER BK,4645,94932364
RELIANT BK,4539,94932364
GUARDHILL FINANCIAL CORP,4501,94932364
UNITED NATIONS FCU,4424,94932364
BMO HARRIS BK NA,4256,94932364
TOTALBANK,4188,94932364
ST JEANS CU,4181,94932364
AMERICAN FEDERAL MORTGAGE COPR,4180,94932364
ADVANCIAL FCU,4175,94932364
"MEMBER ADVANTAGE MORTGAGE, LLC",4158,94932364
FIRST FED BK OF KS CITY,4020,94932364
REPUBLIC STATE MORTGAGE,3989,94932364
GA BKG CO,3976,94932364
BANK OF NH,3972,94932364
AMERIS BK,3936,94932364
GREENWOOD CU,3900,94932364
QUORUM FCU,3837,94932364
FIRST FED BK OF FL,3824,94932364
TOP FLITE FINANCIAL,3812,94932364
KANSAS ST BK OF MANHATTAN,3798,94932364
FIRST BK,3759,94932364
"MID AMERICA MORTGAGE, INC",3753,94932364
UKRAINIAN FCU,3706,94932364
HOMETOWN BK A CO-OP BK,3640,94932364
LEOMINSTER CU,3607,94932364
PENTUCKET BK,3567,94932364
ACCESS NB,3566,94932364
NORTH BROOKFIELD SVG BK,3560,94932364
MILLBURY FCU,3523,94932364
MILITARY FAMILY HOME LOANS,3519,94932364
WASHINGTON SVG BK,3505,94932364
FALL RIVER MUNI CU,3436,94932364
FIRST MARINER BK,3357,94932364
UNIVERSITY ISLAMIC FINANCIAL,3315,94932364
US MORTGAGE CORPORATION,3225,94932364
PATRIOT NB,3207,94932364
STERLING NB,3182,94932364
PLATINUM HOME MORTGAGE CORP,3167,94932364
NEW ENGLAND TEAMSTERS FCU,3163,94932364
FIRST TECH FCU,3159,94932364
EVERETT FINANCIAL INC.,3149,94932364
FARMERS B&TC,3137,94932364
HARTFORD FUNDING LTD,3119,94932364
POLISH NAT CU,3016,94932364
"CONTINENTAL HOME LOANS, INC",2944,94932364
"LIVE WELL FINANCIAL, INC.",2863,94932364
BANK FUND STAFF FCU,2862,94932364
"ONE REVERSE MORTGAGE, LLC",2832,94932364
NORTHWAY BK,2800,94932364
REVERSE MORTGAGE FUNDING LLC,2740,94932364
RESIDENTIAL MORTGAGE SOLUTIONS,2736,94932364
PEOPLES NB,2724,94932364
FINANCIAL RESOURCES FCU,2698,94932364
"AMERICAN EQUITY MORTGAGE, INC",2665,94932364
MAGNOLIA BK,2618,94932364
"LONGBRIDGE FINANCIAL, LLC",2580,94932364
WEST TOWN BANK & TRUST,2493,94932364
CAPE ANN SVG BK,2485,94932364
BROTHERHOOD CU,2395,94932364
GERSHMAN INVESTMENT CORPORATIO,2391,94932364
UMASSFIVE COLLEGE FCU,2347,94932364
STEPSTONE MORTGAGE COMPANY,2310,94932364
LSI MORTGAGE PLUS,2286,94932364
AMERICAN FINANCING CORPORATION,2251,94932364
EVERETT CU,2245,94932364
SECURITYNATIONAL MORTGAGE COMP,2206,94932364
FFC MORTGAGE CORP,2203,94932364
NORTH CAMBRIDGE CO-OP BK,2136,94932364
CAMBRIDGE PORTUGUESE CU,2073,94932364
EMPLOYERS REASSURANCE CORP,2050,94932364
AMERICAN FINANCE HOUSE LARIBA,2039,94932364
HAVERHILL BK,2008,94932364
NORTHWEST FCU,2007,94932364
WESTERN FCU,1970,94932364
FRONTIER BK,1940,94932364
SHREWSBURY FCU,1894,94932364
JUSTICE FCU,1890,94932364
MUTUAL OMAHA BK,1878,94932364
NASA FCU,1844,94932364
MIDWEST CMNTY BK,1842,94932364
WILMINGTON SVG FUND SCTY FSB,1839,94932364
UMB BK NA,1797,94932364
OPTIMA B&TC,1741,94932364
FIRST NB,1740,94932364
HOMEBANC NA,1737,94932364
WEST TOWN B&TC,1733,94932364
PEOPLES CU,1722,94932364
MIDCOUNTRY BK,1718,94932364
HOMEFIELD CU,1705,94932364
SHANGHAI CMRL BK SF BR,1680,94932364
"PRYSMA LENDING GROUP, LLC",1671,94932364
SOUTHCOAST HEALTH SYS FCU,1655,94932364
ROLLSTONE B&T,1653,94932364
MILLBURY SVG BK,1635,94932364
EMERY FCU,1633,94932364
"MMS MORTGAGE SERVICES, LTD.",1576,94932364
MONUMENT BK,1555,94932364
RHODE ISLAND CU,1452,94932364
TALMER B&TC,1448,94932364
NEW BEDFORD CU,1434,94932364
ST FIN CORP,1422,94932364
SHARONVIEW FCU,1373,94932364
WATERSTONE BK,1366,94932364
BRIDGEVIEW BK GRP,1323,94932364
WINGS FNCL CU,1305,94932364
ROYAL BK OF CANADA NY BR,1300,94932364
WEI MORTGAGE CORPORATION,1276,94932364
HANCOCK MORTGAGE PARTNERS,1274,94932364
UNIFY FINANCIAL CREDIT UNION,1272,94932364
"URBAN FINANCIAL GROUP, INC.",1254,94932364
NORTHROP GRUMMAN FCU,1245,94932364
EASTHAMPTON SVG BK,1235,94932364
ALLCOM CU,1230,94932364
HOMETOWN BK,1230,94932364
CLEARVIEW FCU,1211,94932364
WHITNEY BK,1200,94932364
SANFORD INST FOR SVG,1199,94932364
MASSMUTUAL FCU,1191,94932364
RBC BK GA NA,1189,94932364
FARMERS BANK & TRUST,1171,94932364
STATE DEPT FCU,1132,94932364
HAMPDEN BK,1123,94932364
TRIANGLE CU,1113,94932364
COMMERCE BK,1112,94932364
LEE BK,1107,94932364
EQUITABLE CO-OP BK,1096,94932364
HOMEFIELD CREDIT UNION,1095,94932364
STC CAP BK,1052,94932364
KEARNY FSB,1049,94932364
ALERUS FNCL NA,1028,94932364
"CIS FINANCIAL SERVICES, INC.",1023,94932364
FIRST SOUTH BK,1016,94932364
CNB MORTGAGE COMPANY,1008,94932364
CONNEXUS CU,1004,94932364
FLORIDA CAP BK NA,1000,94932364
BANK OF SULLIVAN,999,94932364
UNITED NORTHERN MORTGAGE BANKE,987,94932364
COMMUNITYONE BK NA,980,94932364
AMALGAMATED BK,965,94932364
MEADOWBROOK FINANCIAL MORTGAGE,963,94932364
XCEED FNCL CU,954,94932364
METROWEST CMNTY FCU,941,94932364
CLEVELAND SELF RELIANCE FCU,925,94932364
BAC FL BK,903,94932364
"ZB, NATIONAL ASSOCIATION",890,94932364
"UNIVERSAL AMERICAN MTG CO.,LLC",856,94932364
GREENFIELD CO-OP BK,853,94932364
SAVINGS INST BK & TR CO,841,94932364
PREFERRED BUSINESS EXCHANGE,837,94932364
"CARRINGTON MORTGAGE SVCS, LLC",836,94932364
FORETHOUGHT LIFE INSURANCE CO,829,94932364
PRIME ALLI BK,825,94932364
"CHERRYWOOD COMMERCIAL LENDING,",825,94932364
PLAINSCAPITAL BK,820,94932364
FORT SILL NB,818,94932364
ODYSSEY FUNDING LLC,815,94932364
DELTA CMNTY CU,802,94932364
NCB FSB,800,94932364
21ST MORTGAGE CORP.,796,94932364
MACHIAS SVG BK,795,94932364
MARBLEHEAD BK,793,94932364
MERIDIAN BK,779,94932364
AFFILIATED MORTGAGE COMPANY,768,94932364
BANK2,746,94932364
REVERSE MORT SOLUTIONS INC,745,94932364
ATLANTIC PACIFIC MORTGAGE CORP,744,94932364
SCIENT FCU,740,94932364
CHICOPEE SVG BK,730,94932364
CONNECTICUT HOME MORTGAGE,721,94932364
SALEM CO-OP BK,721,94932364
SUBURBAN MORTGAGE CO OF NM,713,94932364
ANDREWS FCU,702,94932364
CHEMUNG CANAL TC,701,94932364
AMERICAN MW BK,699,94932364
BANGOR SVG BK,689,94932364
BETHPAGE FCU,668,94932364
"FM HOME LOANS, LLC",665,94932364
PATHFINDER BK,660,94932364
CENT MTG CO D/B/A CENTURY LEND,653,94932364
SIGNATURE BK NA,650,94932364
NUTMEG ST FNCL CU,640,94932364
COMMONWEALTH UTILITIES EMPL CU,637,94932364
ANHEUSER-BUSCH EMPL CU,633,94932364
GORHAM SVG BK,620,94932364
MORTGAGE SOLUTIONS OF COLORADO,617,94932364
FIRST SVG BK OF PERKASIE,616,94932364
MILLENNIUM BK,615,94932364
JAMES B. NUTTER & COMPANY,612,94932364
SHINHAN BK AMER,600,94932364
VANDERBILT MORTGAGE,596,94932364
"TRUHOME SOLUTIONS, LLC",590,94932364
TOWER FCU,580,94932364
COMMUNITY FIRST NB,580,94932364
BANK SNB,575,94932364
MWABANK,568,94932364
"ADVISORS MORTGAGE GROUP, LLC",557,94932364
EASTMAN CU,546,94932364
COUNTRYSIDE FCU,540,94932364
"HOMESVCS LENDING LLC, SERIES A",540,94932364
NESC FCU,533,94932364
GREAT LAKES CU,533,94932364
GSF MORTGAGE CORP,530,94932364
DAMASCUS CMNTY BK,528,94932364
COMMUNITY ST BK OF MO,525,94932364
CMNTY BK OAK PARK RIVER FOREST,523,94932364
EDISON NB,523,94932364
AMERICAN B&TC NA,512,94932364
NAPUS FCU,506,94932364
UNITED BANK MORTGAGE CORP,504,94932364
GREYLOCK FCU,500,94932364
EAST COAST CAPITAL CORP,500,94932364
ILLINOIS BANK & TRUST,498,94932364
UNITED CMNTY BK,475,94932364
NOTRE DAME FCU,455,94932364
SALISBURY B&TC,451,94932364
FINEMARK NB&TC,444,94932364
OAKSTAR BK,434,94932364
"BLUELEAF LENDING, LLC",434,94932364
WRIGHT PATMAN CONGRSSIONAL FCU,432,94932364
BMI FCU,432,94932364
FAIRFIELD CTY BK,417,94932364
EAGLEBANK,417,94932364
CARROLLTON BK,417,94932364
SB1 FCU,417,94932364
"CORTRUST MORTGAGE, INC.",417,94932364
MARINE BK,417,94932364
POLICE FCU,408,94932364
DARIEN ROWAYTON BK,400,94932364
ARVEST BK,396,94932364
BARRE SVG BK,395,94932364
ADVANTAGE BK,390,94932364
C&F MORTGAGE CORPORATION,379,94932364
FIRSTAR BK NA,373,94932364
UKRAINIAN SELFRELIANCE FCU,369,94932364
BANK OF COLORADO,368,94932364
FIRST COMMAND BK,365,94932364
MILL CITY CU,364,94932364
WAVE FCU,363,94932364
IDB-IIC FCU,360,94932364
FIRST MW BK,359,94932364
NUVO B&T,350,94932364
QUAD CITY B&TC,350,94932364
MILLBURY NB,350,94932364
FIRST EXCH BK,341,94932364
IBERIABANK,335,94932364
LOGIX FCU,335,94932364
GENERATION MORTGAGE COMPANY,335,94932364
INTERNATIONAL BK OF CHICAGO,333,94932364
AMERICAN FINANCIAL NETWORK INC,330,94932364
NICOLET NB,326,94932364
AFFILIATED BK,324,94932364
"FINANCE OF AMERICA REVERSE, LL",321,94932364
QUONTIC BK FSB,320,94932364
WILLAMETTE VALLEY BK,319,94932364
AMERICAN NATIONWIDE MORTGAGE C,315,94932364
GREENFIELD SVG BK,315,94932364
BANK OF SPRINGFIELD,310,94932364
TRANSPORTATION FCU,310,94932364
OPPORTUNITY BK OF MONTANA,302,94932364
ARMED FORCES BK NA,300,94932364
DEVON BK,300,94932364
PACIFIC MERC BK,300,94932364
CONGRESSIONAL FCU,290,94932364
CHEVRON FCU,289,94932364
STANFORD FCU,288,94932364
CANANDAIGUA NB&TC,288,94932364
NBT BK NA,280,94932364
MERIDIAN RESIDENTIAL CAPITAL,275,94932364
GFA FCU,269,94932364
DUBUQUE B&TC,268,94932364
"FIRST CREDIT CORP OF NY, INC",267,94932364
SUNFLOWER BK NA,266,94932364
ARLINGTON BK,266,94932364
FREEDOM NB,261,94932364
RMC VANGUARD MORTGAGE CORPORAT,260,94932364
"MYCUMORTGAGE, LLC",260,94932364
TOWNE MORTGAGE COMPANY,259,94932364
NATIONAL GRAND BK OF MARBLEH,259,94932364
SOUTHBRIDGE CU,259,94932364
AMERICAN EAGLE FNCL CU,258,94932364
EVERENCE FCU,254,94932364
INDEPENDENT BK,250,94932364
WARSAW FS&LA,246,94932364
CITIZENS ST BK,244,94932364
"MORTGAGE SERVICES III, L.L.C.",243,94932364
LIBERTY SVG BK FSB,241,94932364
TRUSTCO BK,240,94932364
MERCHANTS BK,240,94932364
LAFAYETTE FCU,240,94932364
CHARTWAY FCU,239,94932364
RANLIFE INC,238,94932364
POSTAL GOVT EMPL FCU,234,94932364
WALL STREET MORTGAGE BANKERS,230,94932364
UNITED ST SENATE EMPL FCU,227,94932364
NRL FCU,225,94932364
1ST CONSTITUTION BK,224,94932364
CELTIC BK CORP,224,94932364
BURKE & HERBERT B&TC,223,94932364
AMERICAN INTERBANC MTG LLC,218,94932364
FIRST NB OF LAYTON,218,94932364
GENERATIONS BK,207,94932364
BCB CMNTY BK,200,94932364
FIRST ST BK,196,94932364
DEPARTMENT OF CMRC FCU,196,94932364
BOULEVARD BK,194,94932364
WESTERLY CMNTY CU,192,94932364
FOUR POINTS FCU,189,94932364
TYNDALL FCU,180,94932364
TRIUMPH BK,179,94932364
FIDELITY BK,179,94932364
COCA-COLA CO FAM FCU,175,94932364
ADAMS CMNTY BK,175,94932364
CITIZENS NB OF GREATER STL,168,94932364
HERRING BK,162,94932364
THRIVENT FCU,155,94932364
GERMAN AMER BC,152,94932364
CRESCOM BK,150,94932364
"LIMA ONE CAPITAL, LLC",147,94932364
INOVA FCU,144,94932364
HINGHAM FCU,141,94932364
BLACKSTONE RIVER FCU,140,94932364
NORTHEAST CU,135,94932364
SEAPORT CU,127,94932364
WORCESTER CU,110,94932364
SAUGUSBANK A CO-OP BK,108,94932364
VANDYK MORTGAGE CORPORATION,105,94932364
NORTH CMNTY BK,100,94932364
TEWKSBURY FCU,100,94932364
CARVER FSB,100,94932364
MEMBERS 1ST FCU,85,94932364
FRB FCU,80,94932364
FIRST-CITIZENS B&TC,80,94932364
REGIONS BK,60,94932364
"CAMBRIA FINANCIAL GROUP, LLC",50,94932364
NOTRE DAME COMMUNITY FCU,47,94932364
SAINT MARYS BK CU,46,94932364
GRAFTON SUBURBAN CU,43,94932364
ON Q FINANCIAL,39,94932364
DEERE EMPL CU,36,94932364
IBM SOUTHEAST EMPL CU,35,94932364
DEPARTMENT OF INTERIOR FCU,34,94932364
CORNING FCU,30,94932364
INTOUCH CU,25,94932364
PREMIER SOURCE CU,25,94932364
SAN ANTONIO FCU,25,94932364
ZIONS FIRST NB,25,94932364
FEDEX EMPL CA FCU,23,94932364
FIRST FNCL BK NA,5,94932364
HOMESTAR BK & FS,2,94932364
